[{"pk": 22, "model": "auth.permission", "fields": {"codename": "add_logentry", "name": "Can add log entry", "content_type": 8}}, {"pk": 23, "model": "auth.permission", "fields": {"codename": "change_logentry", "name": "Can change log entry", "content_type": 8}}, {"pk": 24, "model": "auth.permission", "fields": {"codename": "delete_logentry", "name": "Can delete log entry", "content_type": 8}}, {"pk": 4, "model": "auth.permission", "fields": {"codename": "add_group", "name": "Can add group", "content_type": 2}}, {"pk": 10, "model": "auth.permission", "fields": {"codename": "add_message", "name": "Can add message", "content_type": 4}}, {"pk": 1, "model": "auth.permission", "fields": {"codename": "add_permission", "name": "Can add permission", "content_type": 1}}, {"pk": 7, "model": "auth.permission", "fields": {"codename": "add_user", "name": "Can add user", "content_type": 3}}, {"pk": 5, "model": "auth.permission", "fields": {"codename": "change_group", "name": "Can change group", "content_type": 2}}, {"pk": 11, "model": "auth.permission", "fields": {"codename": "change_message", "name": "Can change message", "content_type": 4}}, {"pk": 2, "model": "auth.permission", "fields": {"codename": "change_permission", "name": "Can change permission", "content_type": 1}}, {"pk": 8, "model": "auth.permission", "fields": {"codename": "change_user", "name": "Can change user", "content_type": 3}}, {"pk": 6, "model": "auth.permission", "fields": {"codename": "delete_group", "name": "Can delete group", "content_type": 2}}, {"pk": 12, "model": "auth.permission", "fields": {"codename": "delete_message", "name": "Can delete message", "content_type": 4}}, {"pk": 3, "model": "auth.permission", "fields": {"codename": "delete_permission", "name": "Can delete permission", "content_type": 1}}, {"pk": 9, "model": "auth.permission", "fields": {"codename": "delete_user", "name": "Can delete user", "content_type": 3}}, {"pk": 13, "model": "auth.permission", "fields": {"codename": "add_contenttype", "name": "Can add content type", "content_type": 5}}, {"pk": 14, "model": "auth.permission", "fields": {"codename": "change_contenttype", "name": "Can change content type", "content_type": 5}}, {"pk": 15, "model": "auth.permission", "fields": {"codename": "delete_contenttype", "name": "Can delete content type", "content_type": 5}}, {"pk": 52, "model": "auth.permission", "fields": {"codename": "add_event", "name": "Can add event", "content_type": 18}}, {"pk": 46, "model": "auth.permission", "fields": {"codename": "add_when", "name": "Can add when", "content_type": 16}}, {"pk": 49, "model": "auth.permission", "fields": {"codename": "add_who", "name": "Can add who", "content_type": 17}}, {"pk": 53, "model": "auth.permission", "fields": {"codename": "change_event", "name": "Can change event", "content_type": 18}}, {"pk": 47, "model": "auth.permission", "fields": {"codename": "change_when", "name": "Can change when", "content_type": 16}}, {"pk": 50, "model": "auth.permission", "fields": {"codename": "change_who", "name": "Can change who", "content_type": 17}}, {"pk": 54, "model": "auth.permission", "fields": {"codename": "delete_event", "name": "Can delete event", "content_type": 18}}, {"pk": 48, "model": "auth.permission", "fields": {"codename": "delete_when", "name": "Can delete when", "content_type": 16}}, {"pk": 51, "model": "auth.permission", "fields": {"codename": "delete_who", "name": "Can delete who", "content_type": 17}}, {"pk": 61, "model": "auth.permission", "fields": {"codename": "add_icallink", "name": "Can add ical link", "content_type": 21}}, {"pk": 62, "model": "auth.permission", "fields": {"codename": "change_icallink", "name": "Can change ical link", "content_type": 21}}, {"pk": 63, "model": "auth.permission", "fields": {"codename": "delete_icallink", "name": "Can delete ical link", "content_type": 21}}, {"pk": 37, "model": "auth.permission", "fields": {"codename": "add_campus", "name": "Can add campus", "content_type": 13}}, {"pk": 43, "model": "auth.permission", "fields": {"codename": "add_place", "name": "Can add place", "content_type": 15}}, {"pk": 40, "model": "auth.permission", "fields": {"codename": "add_university", "name": "Can add university", "content_type": 14}}, {"pk": 38, "model": "auth.permission", "fields": {"codename": "change_campus", "name": "Can change campus", "content_type": 13}}, {"pk": 44, "model": "auth.permission", "fields": {"codename": "change_place", "name": "Can change place", "content_type": 15}}, {"pk": 41, "model": "auth.permission", "fields": {"codename": "change_university", "name": "Can change university", "content_type": 14}}, {"pk": 39, "model": "auth.permission", "fields": {"codename": "delete_campus", "name": "Can delete campus", "content_type": 13}}, {"pk": 45, "model": "auth.permission", "fields": {"codename": "delete_place", "name": "Can delete place", "content_type": 15}}, {"pk": 42, "model": "auth.permission", "fields": {"codename": "delete_university", "name": "Can delete university", "content_type": 14}}, {"pk": 25, "model": "auth.permission", "fields": {"codename": "add_cursus", "name": "Can add cursus", "content_type": 9}}, {"pk": 28, "model": "auth.permission", "fields": {"codename": "add_studyperiod", "name": "Can add study period", "content_type": 10}}, {"pk": 31, "model": "auth.permission", "fields": {"codename": "add_subject", "name": "Can add subject", "content_type": 11}}, {"pk": 34, "model": "auth.permission", "fields": {"codename": "add_subjectmodality", "name": "Can add subject modality", "content_type": 12}}, {"pk": 26, "model": "auth.permission", "fields": {"codename": "change_cursus", "name": "Can change cursus", "content_type": 9}}, {"pk": 29, "model": "auth.permission", "fields": {"codename": "change_studyperiod", "name": "Can change study period", "content_type": 10}}, {"pk": 32, "model": "auth.permission", "fields": {"codename": "change_subject", "name": "Can change subject", "content_type": 11}}, {"pk": 35, "model": "auth.permission", "fields": {"codename": "change_subjectmodality", "name": "Can change subject modality", "content_type": 12}}, {"pk": 27, "model": "auth.permission", "fields": {"codename": "delete_cursus", "name": "Can delete cursus", "content_type": 9}}, {"pk": 30, "model": "auth.permission", "fields": {"codename": "delete_studyperiod", "name": "Can delete study period", "content_type": 10}}, {"pk": 33, "model": "auth.permission", "fields": {"codename": "delete_subject", "name": "Can delete subject", "content_type": 11}}, {"pk": 36, "model": "auth.permission", "fields": {"codename": "delete_subjectmodality", "name": "Can delete subject modality", "content_type": 12}}, {"pk": 58, "model": "auth.permission", "fields": {"codename": "add_classgroup", "name": "Can add class group", "content_type": 20}}, {"pk": 55, "model": "auth.permission", "fields": {"codename": "add_profile", "name": "Can add profile", "content_type": 19}}, {"pk": 59, "model": "auth.permission", "fields": {"codename": "change_classgroup", "name": "Can change class group", "content_type": 20}}, {"pk": 56, "model": "auth.permission", "fields": {"codename": "change_profile", "name": "Can change profile", "content_type": 19}}, {"pk": 60, "model": "auth.permission", "fields": {"codename": "delete_classgroup", "name": "Can delete class group", "content_type": 20}}, {"pk": 57, "model": "auth.permission", "fields": {"codename": "delete_profile", "name": "Can delete profile", "content_type": 19}}, {"pk": 16, "model": "auth.permission", "fields": {"codename": "add_session", "name": "Can add session", "content_type": 6}}, {"pk": 17, "model": "auth.permission", "fields": {"codename": "change_session", "name": "Can change session", "content_type": 6}}, {"pk": 18, "model": "auth.permission", "fields": {"codename": "delete_session", "name": "Can delete session", "content_type": 6}}, {"pk": 19, "model": "auth.permission", "fields": {"codename": "add_site", "name": "Can add site", "content_type": 7}}, {"pk": 20, "model": "auth.permission", "fields": {"codename": "change_site", "name": "Can change site", "content_type": 7}}, {"pk": 21, "model": "auth.permission", "fields": {"codename": "delete_site", "name": "Can delete site", "content_type": 7}}, {"pk": 1, "model": "auth.user", "fields": {"username": "admin", "first_name": "", "last_name": "", "is_active": true, "is_superuser": true, "is_staff": true, "last_login": "2010-06-13 00:57:59", "groups": [], "user_permissions": [], "password": "sha1$c406b$177316cf70350ff75679f9f2015d65c84ec4b968", "email": "admin@example.com", "date_joined": "2010-06-12 23:43:20"}}, {"pk": 2, "model": "auth.user", "fields": {"username": "dross", "first_name": "Doug", "last_name": "Ross", "is_active": true, "is_superuser": false, "is_staff": false, "last_login": "2010-06-13 01:25:11", "groups": [], "user_permissions": [], "password": "sha1$9a6a9$467fc771aa70ab6d422a4102adb236fe2ec7520d", "email": "dg@example.com", "date_joined": "2010-06-13 00:06:29"}}, {"pk": 3, "model": "auth.user", "fields": {"username": "sdesmond-he", "first_name": "Susan", "last_name": "Desmond-Hellman", "is_active": true, "is_superuser": false, "is_staff": false, "last_login": "2010-06-13 00:08:07", "groups": [], "user_permissions": [], "password": "sha1$cba54$04adf2b8ee49397593cb1d5410120a3f2fb4ef9b", "email": "sd@example.com", "date_joined": "2010-06-13 00:08:07"}}, {"pk": 4, "model": "auth.user", "fields": {"username": "rking", "first_name": "Ruth", "last_name": "King", "is_active": true, "is_superuser": false, "is_staff": false, "last_login": "2010-06-13 00:52:58", "groups": [], "user_permissions": [], "password": "sha1$3c2fa$a6e9b906eee4cdf582a402b18aecaff38a83f612", "email": "Ruth.B.King@mailinator.com", "date_joined": "2010-06-13 00:23:46"}}, {"pk": 5, "model": "auth.user", "fields": {"username": "lgearhart", "first_name": "Lisa", "last_name": "Gearhart", "is_active": true, "is_superuser": false, "is_staff": false, "last_login": "2010-06-13 00:24:06", "groups": [], "user_permissions": [], "password": "sha1$31bd9$2a781f09d10e3a7ee941063d1c7fa7b3103f759b", "email": "Lisa.L.Gearhart@trashymail.com", "date_joined": "2010-06-13 00:24:06"}}, {"pk": 6, "model": "auth.user", "fields": {"username": "elitwin", "first_name": "Eric", "last_name": "Litwin", "is_active": true, "is_superuser": false, "is_staff": false, "last_login": "2010-06-13 00:24:30", "groups": [], "user_permissions": [], "password": "sha1$9b4e1$c2490b9cafc42195653649a59e41e6c8730f4565", "email": "Eric.B.Litwin@mailinator.com", "date_joined": "2010-06-13 00:24:30"}}, {"pk": 7, "model": "auth.user", "fields": {"username": "kgriffin", "first_name": "Kristin", "last_name": "Griffin", "is_active": true, "is_superuser": false, "is_staff": false, "last_login": "2010-06-13 00:24:56", "groups": [], "user_permissions": [], "password": "sha1$0ca41$c6bc4e7cceaebef54f68e424cd5bd36db3c24384", "email": "Kristin.R.Griffin@trashymail.com", "date_joined": "2010-06-13 00:24:56"}}, {"pk": 8, "model": "auth.user", "fields": {"username": "lharris", "first_name": "Latoya", "last_name": "Harris", "is_active": true, "is_superuser": false, "is_staff": false, "last_login": "2010-06-13 00:25:27", "groups": [], "user_permissions": [], "password": "sha1$27974$821356b1349e1869c555b8a7484ec613d186d4ed", "email": "Latoya.J.Harris@trashymail.com", "date_joined": "2010-06-13 00:25:27"}}, {"pk": 9, "model": "auth.user", "fields": {"username": "jlee", "first_name": "John", "last_name": "Lee", "is_active": true, "is_superuser": false, "is_staff": false, "last_login": "2010-06-13 00:30:28", "groups": [], "user_permissions": [], "password": "sha1$918ee$d7aa117bfa7de43b4942090581fc1c2386aa634e", "email": "John.L.Lee@pookmail.com", "date_joined": "2010-06-13 00:30:28"}}, {"pk": 13, "model": "contenttypes.contenttype", "fields": {"model": "campus", "name": "campus", "app_label": "locations"}}, {"pk": 20, "model": "contenttypes.contenttype", "fields": {"model": "classgroup", "name": "class group", "app_label": "profiles"}}, {"pk": 5, "model": "contenttypes.contenttype", "fields": {"model": "contenttype", "name": "content type", "app_label": "contenttypes"}}, {"pk": 9, "model": "contenttypes.contenttype", "fields": {"model": "cursus", "name": "cursus", "app_label": "pedagogy"}}, {"pk": 18, "model": "contenttypes.contenttype", "fields": {"model": "event", "name": "event", "app_label": "events"}}, {"pk": 2, "model": "contenttypes.contenttype", "fields": {"model": "group", "name": "group", "app_label": "auth"}}, {"pk": 21, "model": "contenttypes.contenttype", "fields": {"model": "icallink", "name": "ical link", "app_label": "ical"}}, {"pk": 8, "model": "contenttypes.contenttype", "fields": {"model": "logentry", "name": "log entry", "app_label": "admin"}}, {"pk": 4, "model": "contenttypes.contenttype", "fields": {"model": "message", "name": "message", "app_label": "auth"}}, {"pk": 1, "model": "contenttypes.contenttype", "fields": {"model": "permission", "name": "permission", "app_label": "auth"}}, {"pk": 15, "model": "contenttypes.contenttype", "fields": {"model": "place", "name": "place", "app_label": "locations"}}, {"pk": 19, "model": "contenttypes.contenttype", "fields": {"model": "profile", "name": "profile", "app_label": "profiles"}}, {"pk": 6, "model": "contenttypes.contenttype", "fields": {"model": "session", "name": "session", "app_label": "sessions"}}, {"pk": 7, "model": "contenttypes.contenttype", "fields": {"model": "site", "name": "site", "app_label": "sites"}}, {"pk": 10, "model": "contenttypes.contenttype", "fields": {"model": "studyperiod", "name": "study period", "app_label": "pedagogy"}}, {"pk": 11, "model": "contenttypes.contenttype", "fields": {"model": "subject", "name": "subject", "app_label": "pedagogy"}}, {"pk": 12, "model": "contenttypes.contenttype", "fields": {"model": "subjectmodality", "name": "subject modality", "app_label": "pedagogy"}}, {"pk": 14, "model": "contenttypes.contenttype", "fields": {"model": "university", "name": "university", "app_label": "locations"}}, {"pk": 3, "model": "contenttypes.contenttype", "fields": {"model": "user", "name": "user", "app_label": "auth"}}, {"pk": 16, "model": "contenttypes.contenttype", "fields": {"model": "when", "name": "when", "app_label": "events"}}, {"pk": 17, "model": "contenttypes.contenttype", "fields": {"model": "who", "name": "who", "app_label": "events"}}, {"pk": "a7b20b4111c0d4d7dde15fce79fc676c", "model": "sessions.session", "fields": {"expire_date": "2010-06-27 00:52:58", "session_data": "gAJ9cQEoVRJfYXV0aF91c2VyX2JhY2tlbmRxAlUpZGphbmdvLmNvbnRyaWIuYXV0aC5iYWNrZW5k\ncy5Nb2RlbEJhY2tlbmRxA1UNX2F1dGhfdXNlcl9pZHEESwR1LjY5ZjhmYjY4NmRlZDUxMDcyNGE2\nZjU2MjU1MDdlMTIx\n"}}, {"pk": "3fd437d277b449e79108c6fd4e6fa117", "model": "sessions.session", "fields": {"expire_date": "2010-06-27 01:25:11", "session_data": "gAJ9cQEoVRJfYXV0aF91c2VyX2JhY2tlbmRxAlUpZGphbmdvLmNvbnRyaWIuYXV0aC5iYWNrZW5k\ncy5Nb2RlbEJhY2tlbmRxA1UNX2F1dGhfdXNlcl9pZHEESwJ1LmVjY2ExODU2ZmY2MjEzNzIzNjY5\nN2VmZWVlODY3MDBj\n"}}, {"pk": 1, "model": "sites.site", "fields": {"domain": "example.com", "name": "example.com"}}, {"pk": 1, "model": "admin.logentry", "fields": {"action_flag": 1, "action_time": "2010-06-12 23:45:29", "object_repr": " ", "object_id": "1", "change_message": "", "user": 1, "content_type": 19}}, {"pk": 1, "model": "pedagogy.cursus", "fields": {"manager": 2, "name": "IDS 102AB: Major Organs System", "start_date": "2010-09-01"}}, {"pk": 2, "model": "pedagogy.cursus", "fields": {"manager": 2, "name": "IDS 103: Metabolism & Nutrition", "start_date": "2010-09-01"}}, {"pk": 3, "model": "pedagogy.cursus", "fields": {"manager": 3, "name": "Operating systems", "start_date": "2010-09-01"}}, {"pk": 1, "model": "pedagogy.studyperiod", "fields": {"start_date": "2010-09-01", "name": "Major Organs System : S1", "end_date": "2011-03-01", "cursus": 1}}, {"pk": 2, "model": "pedagogy.studyperiod", "fields": {"start_date": "2011-01-02", "name": "Major Organs System : S2", "end_date": "2011-07-01", "cursus": 1}}, {"pk": 3, "model": "pedagogy.studyperiod", "fields": {"start_date": "2010-09-01", "name": "OS : Bachelor 1", "end_date": "2011-06-01", "cursus": 3}}, {"pk": 1, "model": "pedagogy.subject", "fields": {"study_period": 1, "name": "Cardiovascular system", "panned_hours": 50}}, {"pk": 2, "model": "pedagogy.subject", "fields": {"study_period": 2, "name": "Digestive tract", "panned_hours": 60}}, {"pk": 3, "model": "pedagogy.subject", "fields": {"study_period": 3, "name": "System architecture", "panned_hours": 20}}, {"pk": 1, "model": "pedagogy.subjectmodality", "fields": {"planned_hours": 20, "type": "presential", "subject": 1}}, {"pk": 2, "model": "pedagogy.subjectmodality", "fields": {"planned_hours": 5, "type": "elearning", "subject": 1}}, {"pk": 3, "model": "pedagogy.subjectmodality", "fields": {"planned_hours": 5, "type": "tp", "subject": 1}}, {"pk": 4, "model": "pedagogy.subjectmodality", "fields": {"planned_hours": 2, "type": "theorical_evaluation", "subject": 1}}, {"pk": 5, "model": "pedagogy.subjectmodality", "fields": {"planned_hours": 3, "type": "practical_evaluation", "subject": 1}}, {"pk": 6, "model": "pedagogy.subjectmodality", "fields": {"planned_hours": 0, "type": "soutenance", "subject": 1}}, {"pk": 7, "model": "pedagogy.subjectmodality", "fields": {"planned_hours": 20, "type": "presential", "subject": 2}}, {"pk": 8, "model": "pedagogy.subjectmodality", "fields": {"planned_hours": 5, "type": "elearning", "subject": 2}}, {"pk": 9, "model": "pedagogy.subjectmodality", "fields": {"planned_hours": 20, "type": "tp", "subject": 2}}, {"pk": 10, "model": "pedagogy.subjectmodality", "fields": {"planned_hours": 5, "type": "theorical_evaluation", "subject": 2}}, {"pk": 11, "model": "pedagogy.subjectmodality", "fields": {"planned_hours": 5, "type": "practical_evaluation", "subject": 2}}, {"pk": 12, "model": "pedagogy.subjectmodality", "fields": {"planned_hours": 5, "type": "soutenance", "subject": 2}}, {"pk": 13, "model": "pedagogy.subjectmodality", "fields": {"planned_hours": 1, "type": "presential", "subject": 3}}, {"pk": 14, "model": "pedagogy.subjectmodality", "fields": {"planned_hours": 15, "type": "elearning", "subject": 3}}, {"pk": 15, "model": "pedagogy.subjectmodality", "fields": {"planned_hours": 1, "type": "tp", "subject": 3}}, {"pk": 16, "model": "pedagogy.subjectmodality", "fields": {"planned_hours": 1, "type": "theorical_evaluation", "subject": 3}}, {"pk": 17, "model": "pedagogy.subjectmodality", "fields": {"planned_hours": 2, "type": "practical_evaluation", "subject": 3}}, {"pk": 18, "model": "pedagogy.subjectmodality", "fields": {"planned_hours": 0, "type": "soutenance", "subject": 3}}, {"pk": 1, "model": "locations.campus", "fields": {"manager": 3, "university": 4, "name": "Parnassus Campus"}}, {"pk": 2, "model": "locations.campus", "fields": {"manager": 2, "university": 4, "name": "San Francisco General Hospital"}}, {"pk": 3, "model": "locations.campus", "fields": {"manager": null, "university": 4, "name": "Mission Center Building"}}, {"pk": 1, "model": "locations.university", "fields": {"name": "Oxford"}}, {"pk": 4, "model": "locations.university", "fields": {"name": "UCSF"}}, {"pk": 1, "model": "locations.place", "fields": {"is_main_place": true, "address": "505 Parnassus Ave.San Francisco, CA 94143 ", "capacity": null, "name": "Parnassus Campus", "campus": 1}}, {"pk": 2, "model": "locations.place", "fields": {"is_main_place": true, "address": "1001 Potrero Ave.San Francisco, CA 94110 ", "capacity": null, "name": "San Francisco General Hospital", "campus": 2}}, {"pk": 3, "model": "locations.place", "fields": {"is_main_place": true, "address": "1855 Folsom St.San Francisco, CA 94103", "capacity": null, "name": "Mission Center Building", "campus": 3}}, {"pk": 1, "model": "events.when", "fields": {"date": "2010-06-19 06:00:00", "event": 1}}, {"pk": 2, "model": "events.when", "fields": {"date": "2010-06-14 11:00:00", "event": 2}}, {"pk": 3, "model": "events.when", "fields": {"date": "2010-06-14 14:00:00", "event": 3}}, {"pk": 4, "model": "events.when", "fields": {"date": "2010-06-16 08:00:00", "event": 4}}, {"pk": 5, "model": "events.when", "fields": {"date": "2010-06-16 11:00:00", "event": 5}}, {"pk": 1, "model": "events.who", "fields": {"is_universal": false, "university": null, "event": 1, "is_contributor": false, "classgroup": null, "user": 2, "cursus": null, "campus": null}}, {"pk": 2, "model": "events.who", "fields": {"is_universal": false, "university": null, "event": 2, "is_contributor": false, "classgroup": null, "user": null, "cursus": null, "campus": 2}}, {"pk": 3, "model": "events.who", "fields": {"is_universal": false, "university": null, "event": 3, "is_contributor": false, "classgroup": 1, "user": null, "cursus": null, "campus": null}}, {"pk": 4, "model": "events.who", "fields": {"is_universal": false, "university": null, "event": 3, "is_contributor": true, "classgroup": null, "user": 9, "cursus": null, "campus": null}}, {"pk": 5, "model": "events.who", "fields": {"is_universal": false, "university": null, "event": 4, "is_contributor": false, "classgroup": null, "user": 4, "cursus": null, "campus": null}}, {"pk": 6, "model": "events.who", "fields": {"is_universal": false, "university": null, "event": 5, "is_contributor": false, "classgroup": null, "user": null, "cursus": null, "campus": 2}}, {"pk": 1, "model": "events.event", "fields": {"name": "Fishing", "places": [], "place_text": "Lake Tahoe", "force_display": false, "duration": 4, "subject_modality": null}}, {"pk": 2, "model": "events.event", "fields": {"name": "D\u00e9jeuner de bienvenue", "places": [2], "place_text": "", "force_display": false, "duration": 3, "subject_modality": null}}, {"pk": 3, "model": "events.event", "fields": {"name": "Cardiovascular system : Presential", "places": [2], "place_text": "", "force_display": false, "duration": 3, "subject_modality": 1}}, {"pk": 4, "model": "events.event", "fields": {"name": "Projet de groupe", "places": [], "place_text": "Maison", "force_display": false, "duration": 4, "subject_modality": null}}, {"pk": 5, "model": "events.event", "fields": {"name": "Pr\u00e9sentation obligatoire", "places": [2], "place_text": "", "force_display": true, "duration": 3, "subject_modality": null}}, {"pk": 1, "model": "profiles.profile", "fields": {"is_teacher": false, "classgroup": null, "user": 1, "date_joined": "2010-06-12"}}, {"pk": 2, "model": "profiles.profile", "fields": {"is_teacher": false, "classgroup": null, "user": 2, "date_joined": "2010-06-13"}}, {"pk": 3, "model": "profiles.profile", "fields": {"is_teacher": false, "classgroup": null, "user": 3, "date_joined": "2010-06-13"}}, {"pk": 4, "model": "profiles.profile", "fields": {"is_teacher": false, "classgroup": 1, "user": 4, "date_joined": "2010-06-13"}}, {"pk": 5, "model": "profiles.profile", "fields": {"is_teacher": false, "classgroup": 2, "user": 5, "date_joined": "2010-06-13"}}, {"pk": 6, "model": "profiles.profile", "fields": {"is_teacher": false, "classgroup": 1, "user": 6, "date_joined": "2010-06-13"}}, {"pk": 7, "model": "profiles.profile", "fields": {"is_teacher": false, "classgroup": 2, "user": 7, "date_joined": "2010-06-13"}}, {"pk": 8, "model": "profiles.profile", "fields": {"is_teacher": false, "classgroup": 2, "user": 8, "date_joined": "2010-06-13"}}, {"pk": 9, "model": "profiles.profile", "fields": {"is_teacher": true, "classgroup": null, "user": 9, "date_joined": "2010-06-13"}}, {"pk": 1, "model": "profiles.classgroup", "fields": {"manager": 2, "cursus": 1, "name": "Medicine 2011", "campus": 2}}, {"pk": 2, "model": "profiles.classgroup", "fields": {"manager": 3, "cursus": 3, "name": "Computer Science 2012", "campus": 1}}]
