[{"pk": 22, "model": "auth.permission", "fields": {"codename": "add_logentry", "name": "Can add log entry", "content_type": 8}}, {"pk": 23, "model": "auth.permission", "fields": {"codename": "change_logentry", "name": "Can change log entry", "content_type": 8}}, {"pk": 24, "model": "auth.permission", "fields": {"codename": "delete_logentry", "name": "Can delete log entry", "content_type": 8}}, {"pk": 4, "model": "auth.permission", "fields": {"codename": "add_group", "name": "Can add group", "content_type": 2}}, {"pk": 10, "model": "auth.permission", "fields": {"codename": "add_message", "name": "Can add message", "content_type": 4}}, {"pk": 1, "model": "auth.permission", "fields": {"codename": "add_permission", "name": "Can add permission", "content_type": 1}}, {"pk": 7, "model": "auth.permission", "fields": {"codename": "add_user", "name": "Can add user", "content_type": 3}}, {"pk": 5, "model": "auth.permission", "fields": {"codename": "change_group", "name": "Can change group", "content_type": 2}}, {"pk": 11, "model": "auth.permission", "fields": {"codename": "change_message", "name": "Can change message", "content_type": 4}}, {"pk": 2, "model": "auth.permission", "fields": {"codename": "change_permission", "name": "Can change permission", "content_type": 1}}, {"pk": 8, "model": "auth.permission", "fields": {"codename": "change_user", "name": "Can change user", "content_type": 3}}, {"pk": 6, "model": "auth.permission", "fields": {"codename": "delete_group", "name": "Can delete group", "content_type": 2}}, {"pk": 12, "model": "auth.permission", "fields": {"codename": "delete_message", "name": "Can delete message", "content_type": 4}}, {"pk": 3, "model": "auth.permission", "fields": {"codename": "delete_permission", "name": "Can delete permission", "content_type": 1}}, {"pk": 9, "model": "auth.permission", "fields": {"codename": "delete_user", "name": "Can delete user", "content_type": 3}}, {"pk": 13, "model": "auth.permission", "fields": {"codename": "add_contenttype", "name": "Can add content type", "content_type": 5}}, {"pk": 14, "model": "auth.permission", "fields": {"codename": "change_contenttype", "name": "Can change content type", "content_type": 5}}, {"pk": 15, "model": "auth.permission", "fields": {"codename": "delete_contenttype", "name": "Can delete content type", "content_type": 5}}, {"pk": 52, "model": "auth.permission", "fields": {"codename": "add_event", "name": "Can add event", "content_type": 18}}, {"pk": 46, "model": "auth.permission", "fields": {"codename": "add_when", "name": "Can add when", "content_type": 16}}, {"pk": 49, "model": "auth.permission", "fields": {"codename": "add_who", "name": "Can add who", "content_type": 17}}, {"pk": 53, "model": "auth.permission", "fields": {"codename": "change_event", "name": "Can change event", "content_type": 18}}, {"pk": 47, "model": "auth.permission", "fields": {"codename": "change_when", "name": "Can change when", "content_type": 16}}, {"pk": 50, "model": "auth.permission", "fields": {"codename": "change_who", "name": "Can change who", "content_type": 17}}, {"pk": 54, "model": "auth.permission", "fields": {"codename": "delete_event", "name": "Can delete event", "content_type": 18}}, {"pk": 48, "model": "auth.permission", "fields": {"codename": "delete_when", "name": "Can delete when", "content_type": 16}}, {"pk": 51, "model": "auth.permission", "fields": {"codename": "delete_who", "name": "Can delete who", "content_type": 17}}, {"pk": 37, "model": "auth.permission", "fields": {"codename": "add_campus", "name": "Can add campus", "content_type": 13}}, {"pk": 43, "model": "auth.permission", "fields": {"codename": "add_place", "name": "Can add place", "content_type": 15}}, {"pk": 40, "model": "auth.permission", "fields": {"codename": "add_university", "name": "Can add university", "content_type": 14}}, {"pk": 38, "model": "auth.permission", "fields": {"codename": "change_campus", "name": "Can change campus", "content_type": 13}}, {"pk": 44, "model": "auth.permission", "fields": {"codename": "change_place", "name": "Can change place", "content_type": 15}}, {"pk": 41, "model": "auth.permission", "fields": {"codename": "change_university", "name": "Can change university", "content_type": 14}}, {"pk": 39, "model": "auth.permission", "fields": {"codename": "delete_campus", "name": "Can delete campus", "content_type": 13}}, {"pk": 45, "model": "auth.permission", "fields": {"codename": "delete_place", "name": "Can delete place", "content_type": 15}}, {"pk": 42, "model": "auth.permission", "fields": {"codename": "delete_university", "name": "Can delete university", "content_type": 14}}, {"pk": 25, "model": "auth.permission", "fields": {"codename": "add_cursus", "name": "Can add cursus", "content_type": 9}}, {"pk": 28, "model": "auth.permission", "fields": {"codename": "add_studyperiod", "name": "Can add study period", "content_type": 10}}, {"pk": 31, "model": "auth.permission", "fields": {"codename": "add_subject", "name": "Can add subject", "content_type": 11}}, {"pk": 34, "model": "auth.permission", "fields": {"codename": "add_subjectmodality", "name": "Can add subject modality", "content_type": 12}}, {"pk": 26, "model": "auth.permission", "fields": {"codename": "change_cursus", "name": "Can change cursus", "content_type": 9}}, {"pk": 29, "model": "auth.permission", "fields": {"codename": "change_studyperiod", "name": "Can change study period", "content_type": 10}}, {"pk": 32, "model": "auth.permission", "fields": {"codename": "change_subject", "name": "Can change subject", "content_type": 11}}, {"pk": 35, "model": "auth.permission", "fields": {"codename": "change_subjectmodality", "name": "Can change subject modality", "content_type": 12}}, {"pk": 27, "model": "auth.permission", "fields": {"codename": "delete_cursus", "name": "Can delete cursus", "content_type": 9}}, {"pk": 30, "model": "auth.permission", "fields": {"codename": "delete_studyperiod", "name": "Can delete study period", "content_type": 10}}, {"pk": 33, "model": "auth.permission", "fields": {"codename": "delete_subject", "name": "Can delete subject", "content_type": 11}}, {"pk": 36, "model": "auth.permission", "fields": {"codename": "delete_subjectmodality", "name": "Can delete subject modality", "content_type": 12}}, {"pk": 58, "model": "auth.permission", "fields": {"codename": "add_classgroup", "name": "Can add class group", "content_type": 20}}, {"pk": 55, "model": "auth.permission", "fields": {"codename": "add_profile", "name": "Can add profile", "content_type": 19}}, {"pk": 59, "model": "auth.permission", "fields": {"codename": "change_classgroup", "name": "Can change class group", "content_type": 20}}, {"pk": 56, "model": "auth.permission", "fields": {"codename": "change_profile", "name": "Can change profile", "content_type": 19}}, {"pk": 60, "model": "auth.permission", "fields": {"codename": "delete_classgroup", "name": "Can delete class group", "content_type": 20}}, {"pk": 57, "model": "auth.permission", "fields": {"codename": "delete_profile", "name": "Can delete profile", "content_type": 19}}, {"pk": 16, "model": "auth.permission", "fields": {"codename": "add_session", "name": "Can add session", "content_type": 6}}, {"pk": 17, "model": "auth.permission", "fields": {"codename": "change_session", "name": "Can change session", "content_type": 6}}, {"pk": 18, "model": "auth.permission", "fields": {"codename": "delete_session", "name": "Can delete session", "content_type": 6}}, {"pk": 19, "model": "auth.permission", "fields": {"codename": "add_site", "name": "Can add site", "content_type": 7}}, {"pk": 20, "model": "auth.permission", "fields": {"codename": "change_site", "name": "Can change site", "content_type": 7}}, {"pk": 21, "model": "auth.permission", "fields": {"codename": "delete_site", "name": "Can delete site", "content_type": 7}}, {"pk": 1, "model": "auth.user", "fields": {"username": "admin", "first_name": "", "last_name": "", "is_active": true, "is_superuser": true, "is_staff": true, "last_login": "2010-06-07 09:05:32", "groups": [], "user_permissions": [], "password": "sha1$49139$ce51615d5a7de824652b54c97f5b9b62d537847b", "email": "admin@example.com", "date_joined": "2010-06-07 08:46:01"}}, {"pk": 2, "model": "auth.user", "fields": {"username": "ametaireau", "first_name": "Alexis", "last_name": "Metaireau", "is_active": true, "is_superuser": false, "is_staff": false, "last_login": "2010-06-07 09:13:34", "groups": [], "user_permissions": [], "password": "password", "email": "", "date_joined": "2010-06-07 09:13:34"}}, {"pk": 3, "model": "auth.user", "fields": {"username": "rn", "first_name": "Rhoda", "last_name": "n", "is_active": true, "is_superuser": false, "is_staff": false, "last_login": "2010-06-07 09:14:11", "groups": [], "user_permissions": [], "password": "password", "email": "", "date_joined": "2010-06-07 09:14:11"}}, {"pk": 13, "model": "contenttypes.contenttype", "fields": {"model": "campus", "name": "campus", "app_label": "locations"}}, {"pk": 20, "model": "contenttypes.contenttype", "fields": {"model": "classgroup", "name": "class group", "app_label": "profiles"}}, {"pk": 5, "model": "contenttypes.contenttype", "fields": {"model": "contenttype", "name": "content type", "app_label": "contenttypes"}}, {"pk": 9, "model": "contenttypes.contenttype", "fields": {"model": "cursus", "name": "cursus", "app_label": "pedagogy"}}, {"pk": 18, "model": "contenttypes.contenttype", "fields": {"model": "event", "name": "event", "app_label": "events"}}, {"pk": 2, "model": "contenttypes.contenttype", "fields": {"model": "group", "name": "group", "app_label": "auth"}}, {"pk": 8, "model": "contenttypes.contenttype", "fields": {"model": "logentry", "name": "log entry", "app_label": "admin"}}, {"pk": 4, "model": "contenttypes.contenttype", "fields": {"model": "message", "name": "message", "app_label": "auth"}}, {"pk": 1, "model": "contenttypes.contenttype", "fields": {"model": "permission", "name": "permission", "app_label": "auth"}}, {"pk": 15, "model": "contenttypes.contenttype", "fields": {"model": "place", "name": "place", "app_label": "locations"}}, {"pk": 19, "model": "contenttypes.contenttype", "fields": {"model": "profile", "name": "profile", "app_label": "profiles"}}, {"pk": 6, "model": "contenttypes.contenttype", "fields": {"model": "session", "name": "session", "app_label": "sessions"}}, {"pk": 7, "model": "contenttypes.contenttype", "fields": {"model": "site", "name": "site", "app_label": "sites"}}, {"pk": 10, "model": "contenttypes.contenttype", "fields": {"model": "studyperiod", "name": "study period", "app_label": "pedagogy"}}, {"pk": 11, "model": "contenttypes.contenttype", "fields": {"model": "subject", "name": "subject", "app_label": "pedagogy"}}, {"pk": 12, "model": "contenttypes.contenttype", "fields": {"model": "subjectmodality", "name": "subject modality", "app_label": "pedagogy"}}, {"pk": 14, "model": "contenttypes.contenttype", "fields": {"model": "university", "name": "university", "app_label": "locations"}}, {"pk": 3, "model": "contenttypes.contenttype", "fields": {"model": "user", "name": "user", "app_label": "auth"}}, {"pk": 16, "model": "contenttypes.contenttype", "fields": {"model": "when", "name": "when", "app_label": "events"}}, {"pk": 17, "model": "contenttypes.contenttype", "fields": {"model": "who", "name": "who", "app_label": "events"}}, {"pk": "b95ae5731a8198e9b446bdc5f4582a7b", "model": "sessions.session", "fields": {"expire_date": "2010-06-21 08:46:34", "session_data": "gAJ9cQEoVRJfYXV0aF91c2VyX2JhY2tlbmRxAlUpZGphbmdvLmNvbnRyaWIuYXV0aC5iYWNrZW5k\ncy5Nb2RlbEJhY2tlbmRxA1UNX2F1dGhfdXNlcl9pZHEESwF1LjdhYWEwOTU1NTI1ZWM4ZjczZDZi\nNTliYmVlMmM3ODk0\n"}}, {"pk": "7b843719a2b6964c9daf50ba1ebb7f1e", "model": "sessions.session", "fields": {"expire_date": "2010-06-21 09:05:32", "session_data": "gAJ9cQEoVRJfYXV0aF91c2VyX2JhY2tlbmRxAlUpZGphbmdvLmNvbnRyaWIuYXV0aC5iYWNrZW5k\ncy5Nb2RlbEJhY2tlbmRxA1UNX2F1dGhfdXNlcl9pZHEESwF1LjdhYWEwOTU1NTI1ZWM4ZjczZDZi\nNTliYmVlMmM3ODk0\n"}}, {"pk": 1, "model": "sites.site", "fields": {"domain": "example.com", "name": "example.com"}}, {"pk": 5, "model": "admin.logentry", "fields": {"action_flag": 3, "action_time": "2010-06-07 09:13:25", "object_repr": "ametaireau", "object_id": "2", "change_message": "", "user": 1, "content_type": 3}}, {"pk": 4, "model": "admin.logentry", "fields": {"action_flag": 3, "action_time": "2010-06-07 09:05:47", "object_repr": "08-June-2010", "object_id": "3", "change_message": "", "user": 1, "content_type": 16}}, {"pk": 3, "model": "admin.logentry", "fields": {"action_flag": 3, "action_time": "2010-06-07 09:05:47", "object_repr": "08-June-2010", "object_id": "4", "change_message": "", "user": 1, "content_type": 16}}, {"pk": 2, "model": "admin.logentry", "fields": {"action_flag": 3, "action_time": "2010-06-07 09:05:47", "object_repr": "08-June-2010", "object_id": "5", "change_message": "", "user": 1, "content_type": 16}}, {"pk": 1, "model": "admin.logentry", "fields": {"action_flag": 1, "action_time": "2010-06-07 08:49:38", "object_repr": "Administrator admin", "object_id": "1", "change_message": "", "user": 1, "content_type": 19}}, {"pk": 1, "model": "pedagogy.cursus", "fields": {"manager": 1, "name": "Biology", "start_date": "2010-06-01"}}, {"pk": 2, "model": "pedagogy.cursus", "fields": {"manager": 1, "name": "Computer Science", "start_date": "2010-06-01"}}, {"pk": 3, "model": "pedagogy.cursus", "fields": {"manager": 1, "name": "Physics", "start_date": "2010-06-01"}}, {"pk": 1, "model": "pedagogy.studyperiod", "fields": {"start_date": "2010-06-01", "name": "Bio. Trim 1", "end_date": "2010-09-01", "cursus": 1}}, {"pk": 2, "model": "pedagogy.studyperiod", "fields": {"start_date": "2010-09-02", "name": "Bio. Trim 2", "end_date": "2010-12-02", "cursus": 1}}, {"pk": 3, "model": "pedagogy.studyperiod", "fields": {"start_date": "2010-06-01", "name": "CS Sem. 1", "end_date": "2010-12-01", "cursus": 2}}, {"pk": 1, "model": "pedagogy.subject", "fields": {"study_period": 3, "name": "Cisco", "panned_hours": 50}}, {"pk": 2, "model": "pedagogy.subject", "fields": {"study_period": 1, "name": "Biophy", "panned_hours": 10}}, {"pk": 3, "model": "pedagogy.subject", "fields": {"study_period": 2, "name": "Psycho", "panned_hours": 20}}, {"pk": 1, "model": "pedagogy.subjectmodality", "fields": {"planned_hours": "30", "type": "presential", "subject": 1}}, {"pk": 2, "model": "pedagogy.subjectmodality", "fields": {"planned_hours": "10", "type": "elearning", "subject": 1}}, {"pk": 3, "model": "pedagogy.subjectmodality", "fields": {"planned_hours": "4", "type": "tp", "subject": 1}}, {"pk": 4, "model": "pedagogy.subjectmodality", "fields": {"planned_hours": "2", "type": "theorical_evaluation", "subject": 1}}, {"pk": 5, "model": "pedagogy.subjectmodality", "fields": {"planned_hours": "4", "type": "practical_evaluation", "subject": 1}}, {"pk": 6, "model": "pedagogy.subjectmodality", "fields": {"planned_hours": "0", "type": "soutenance", "subject": 1}}, {"pk": 7, "model": "pedagogy.subjectmodality", "fields": {"planned_hours": "1", "type": "presential", "subject": 2}}, {"pk": 8, "model": "pedagogy.subjectmodality", "fields": {"planned_hours": "2", "type": "elearning", "subject": 2}}, {"pk": 9, "model": "pedagogy.subjectmodality", "fields": {"planned_hours": "3", "type": "tp", "subject": 2}}, {"pk": 10, "model": "pedagogy.subjectmodality", "fields": {"planned_hours": "4", "type": "theorical_evaluation", "subject": 2}}, {"pk": 11, "model": "pedagogy.subjectmodality", "fields": {"planned_hours": "0", "type": "practical_evaluation", "subject": 2}}, {"pk": 12, "model": "pedagogy.subjectmodality", "fields": {"planned_hours": "0", "type": "soutenance", "subject": 2}}, {"pk": 13, "model": "pedagogy.subjectmodality", "fields": {"planned_hours": "10", "type": "presential", "subject": 3}}, {"pk": 14, "model": "pedagogy.subjectmodality", "fields": {"planned_hours": "5", "type": "elearning", "subject": 3}}, {"pk": 15, "model": "pedagogy.subjectmodality", "fields": {"planned_hours": "0", "type": "tp", "subject": 3}}, {"pk": 16, "model": "pedagogy.subjectmodality", "fields": {"planned_hours": "3", "type": "theorical_evaluation", "subject": 3}}, {"pk": 17, "model": "pedagogy.subjectmodality", "fields": {"planned_hours": "0", "type": "practical_evaluation", "subject": 3}}, {"pk": 18, "model": "pedagogy.subjectmodality", "fields": {"planned_hours": "2", "type": "soutenance", "subject": 3}}, {"pk": 1, "model": "locations.campus", "fields": {"manager": 1, "university": 1, "name": "Accacias"}}, {"pk": 2, "model": "locations.campus", "fields": {"manager": 1, "university": 1, "name": "San Francisco"}}, {"pk": 1, "model": "locations.university", "fields": {"name": "Dominican University"}}, {"pk": 1, "model": "locations.place", "fields": {"is_main_place": true, "address": "21 Acacia Avenue San Rafael CA", "capacity": null, "name": "Acacia", "campus": 1}}, {"pk": 2, "model": "locations.place", "fields": {"is_main_place": true, "address": "2738 Hyde Street San Francisco CA", "capacity": 300, "name": "San Francisco", "campus": 2}}, {"pk": 1, "model": "events.when", "fields": {"date": "2010-06-12 10:00:00", "event": 1}}, {"pk": 2, "model": "events.when", "fields": {"date": "2010-06-08 02:00:00", "event": 2}}, {"pk": 3, "model": "events.when", "fields": {"date": "2010-06-08 10:00:00", "event": 6}}, {"pk": 4, "model": "events.when", "fields": {"date": "2010-06-09 08:00:00", "event": 7}}, {"pk": 1, "model": "events.who", "fields": {"is_universal": false, "university": null, "event": 1, "classgroup": null, "user": 1, "cursus": null, "campus": null}}, {"pk": 2, "model": "events.who", "fields": {"is_universal": false, "university": null, "event": 2, "classgroup": 1, "user": null, "cursus": null, "campus": null}}, {"pk": 3, "model": "events.who", "fields": {"is_universal": false, "university": null, "event": 3, "classgroup": 1, "user": null, "cursus": null, "campus": null}}, {"pk": 4, "model": "events.who", "fields": {"is_universal": false, "university": null, "event": 4, "classgroup": 1, "user": null, "cursus": null, "campus": null}}, {"pk": 5, "model": "events.who", "fields": {"is_universal": false, "university": null, "event": 5, "classgroup": 1, "user": null, "cursus": null, "campus": null}}, {"pk": 6, "model": "events.who", "fields": {"is_universal": false, "university": null, "event": 6, "classgroup": 2, "user": null, "cursus": null, "campus": null}}, {"pk": 7, "model": "events.who", "fields": {"is_universal": false, "university": null, "event": 7, "classgroup": 2, "user": null, "cursus": null, "campus": null}}, {"pk": 1, "model": "events.event", "fields": {"name": "Poney", "places": [], "place_text": "Au lac", "force_display": false, "duration": 4, "subject_modality": null}}, {"pk": 2, "model": "events.event", "fields": {"name": "Cisco : Presential", "places": [2], "place_text": "", "force_display": false, "duration": 0, "subject_modality": 1}}, {"pk": 3, "model": "events.event", "fields": {"name": "Cisco : Presential", "places": [2], "place_text": "", "force_display": false, "duration": 0, "subject_modality": 1}}, {"pk": 4, "model": "events.event", "fields": {"name": "Cisco : Presential", "places": [2], "place_text": "", "force_display": false, "duration": 0, "subject_modality": 1}}, {"pk": 5, "model": "events.event", "fields": {"name": "Cisco : Presential", "places": [2], "place_text": "", "force_display": false, "duration": 0, "subject_modality": 1}}, {"pk": 6, "model": "events.event", "fields": {"name": "Biophy : Presential", "places": [1], "place_text": "", "force_display": false, "duration": 2, "subject_modality": 7}}, {"pk": 7, "model": "events.event", "fields": {"name": "Psycho : E-learning", "places": [1], "place_text": "", "force_display": false, "duration": 2, "subject_modality": 14}}, {"pk": 1, "model": "profiles.profile", "fields": {"birth_date": "2010-06-07", "classgroup": null, "first_name": "Administrator", "last_name": "admin", "user": 1}}, {"pk": 2, "model": "profiles.profile", "fields": {"birth_date": "2010-06-07", "classgroup": 1, "first_name": "Alexis", "last_name": "Metaireau", "user": 2}}, {"pk": 3, "model": "profiles.profile", "fields": {"birth_date": "2010-06-07", "classgroup": 2, "first_name": "Rhoda", "last_name": "n", "user": 3}}, {"pk": 1, "model": "profiles.classgroup", "fields": {"manager": 1, "cursus": 2, "name": "CS 2011", "campus": 2}}, {"pk": 2, "model": "profiles.classgroup", "fields": {"manager": 1, "cursus": 1, "name": "Bio 01", "campus": 1}}]
